"Variable","P_Value","Coefficient","Direction","R_Squared","Significant"
"pctbachdeg25_over",1.84013385734276e-142,-2.47081456248065,"negative",0.231502226963405,TRUE
"incidencerate",5.75771363746349e-111,0.2327934601205,"positive",0.184766657204566,TRUE
"medincome",1.23726981775277e-103,-0.000938782575774446,"negative",0.173488322240466,TRUE
"povertypercent",1.41479524735213e-93,1.58052422192105,"positive",0.15776552521287,TRUE
"pctprivatecoverage",1.03689960098647e-85,-0.914817141964818,"negative",0.145265824576535,TRUE
"pctpubliccoverage",7.70416344707395e-85,1.24419422081968,"positive",0.143870402792517,TRUE
"pctunemployed16_over",1.25994663563228e-78,2.65544066584459,"positive",0.133850320241535,TRUE
"pctblack",7.55038371154345e-38,0.428101373416993,"positive",0.0652103714861436,TRUE
"pctwhite",4.53867475220039e-23,-0.303553917036711,"negative",0.0391081996387643,TRUE
