"Model","MSE","R2","MAE"
"LinearRegression",249.572600323412,0.59945434255571,11.8809964686798
"RandomForest",302.366923645748,0.517744166925212,13.5528920299728
