"Model","MSE","R2","MAE"
"LinearRegression",432.31730923521,0.456321726301789,15.3298818801136
"RandomForest",436.161609704986,0.452936383604209,15.2626693119518
